amino_acid,codon,relative_frequency
*,UAA,0.36
*,UAG,0.20
*,UGA,0.44
A,GCA,0.27
A,GCC,0.16
A,GCG,0.14
A,GCU,0.43
C,UGC,0.40
C,UGU,0.60
D,GAC,0.32
D,GAU,0.68
E,GAA,0.52
E,GAG,0.48
F,UUC,0.49
F,UUU,0.51
G,GGA,0.37
G,GGC,0.14
G,GGG,0.16
G,GGU,0.34
H,CAC,0.39
H,CAU,0.61
I,AUA,0.24
I,AUC,0.35
I,AUU,0.41
K,AAA,0.49
K,AAG,0.51
L,CUA,0.11
L,CUC,0.17
L,CUG,0.11
L,CUU,0.26
L,UUA,0.14
L,UUG,0.22
M,AUG,1.00
N,AAC,0.48
N,AAU,0.52
P,CCA,0.33
P,CCC,0.11
P,CCG,0.18
P,CCU,0.38
Q,CAA,0.56
Q,CAG,0.44
R,AGA,0.35
R,AGG,0.20
R,CGA,0.12
R,CGC,0.07
R,CGG,0.09
R,CGU,0.17
S,AGC,0.13
S,AGU,0.16
S,UCA,0.20
S,UCC,0.13
S,UCG,0.10
S,UCU,0.28
T,ACA,0.31
T,ACC,0.20
T,ACG,0.15
T,ACU,0.34
V,GUA,0.15
V,GUC,0.19
V,GUG,0.26
V,GUU,0.40
W,UGG,1.00
Y,UAC,0.48
Y,UAU,0.52